{
    "now": "2021-07-29T02:28:20.945Z",
    "perfNow": 20743.5,
    "diagnosticCorrelation": "8da1b66a-3835-4fd2-88e4-c72985fc6601",
    "source": "DownloadSupportFiles",
    "environment": {
        "productName": "adf",
        "buildVersion": "1.0.20210727.7",
        "environmentType": 3,
        "resourceName": "yoloadf2",
        "resourceRegion": "westus",
        "resourceGroup": "retail_analytics",
        "subscriptionId": "ed9adafd-e391-44da-9704-c3170c3decd7",
        "sessionId": "ZZ6pE",
        "operationId": "Y2y8w",
        "gitType": "live"
    },
    "additionalInfo": {
        "selectedResource": "BlobToComosDbLoadPipeline",
        "selectedResourceType": "pipeline"
    }
}