{
    "name": "BlobToComosDbLoadPipeline",
    "properties": {
        "activities": [
            {
                "name": "getListofFiles",
                "type": "GetMetadata",
                "dependsOn": [],
                "policy": {
                    "timeout": "7.00:00:00",
                    "retry": 0,
                    "retryIntervalInSeconds": 30,
                    "secureOutput": false,
                    "secureInput": false
                },
                "userProperties": [],
                "typeProperties": {
                    "dataset": {
                        "referenceName": "AzureBlobStorageSource",
                        "type": "DatasetReference"
                    },
                    "fieldList": [
                        "childItems"
                    ],
                    "storeSettings": {
                        "type": "AzureBlobStorageReadSettings",
                        "recursive": true,
                        "enablePartitionDiscovery": false
                    },
                    "formatSettings": {
                        "type": "DelimitedTextReadSettings"
                    }
                }
            },
            {
                "name": "FilterInput",
                "type": "Filter",
                "dependsOn": [
                    {
                        "activity": "getListofFiles",
                        "dependencyConditions": [
                            "Succeeded"
                        ]
                    }
                ],
                "userProperties": [],
                "typeProperties": {
                    "items": {
                        "value": "@activity('getListOfFiles').output.childItems",
                        "type": "Expression"
                    },
                    "condition": {
                        "value": "@endswith(item().name,'csv')",
                        "type": "Expression"
                    }
                }
            },
            {
                "name": "ForEachCsv",
                "type": "ForEach",
                "dependsOn": [
                    {
                        "activity": "FilterInput",
                        "dependencyConditions": [
                            "Succeeded"
                        ]
                    }
                ],
                "userProperties": [],
                "typeProperties": {
                    "items": {
                        "value": "@activity('FilterInput').output.Value",
                        "type": "Expression"
                    },
                    "isSequential": true,
                    "activities": [
                        {
                            "name": "GetFileSize",
                            "type": "GetMetadata",
                            "dependsOn": [],
                            "policy": {
                                "timeout": "7.00:00:00",
                                "retry": 0,
                                "retryIntervalInSeconds": 30,
                                "secureOutput": false,
                                "secureInput": false
                            },
                            "userProperties": [],
                            "typeProperties": {
                                "dataset": {
                                    "referenceName": "DelimitedText1",
                                    "type": "DatasetReference",
                                    "parameters": {
                                        "filename": "@item().name"
                                    }
                                },
                                "fieldList": [
                                    "size"
                                ],
                                "storeSettings": {
                                    "type": "AzureBlobStorageReadSettings",
                                    "recursive": true,
                                    "enablePartitionDiscovery": false
                                },
                                "formatSettings": {
                                    "type": "DelimitedTextReadSettings"
                                }
                            }
                        },
                        {
                            "name": "If Condition_CheckSize",
                            "type": "IfCondition",
                            "dependsOn": [
                                {
                                    "activity": "GetFileSize",
                                    "dependencyConditions": [
                                        "Succeeded"
                                    ]
                                }
                            ],
                            "userProperties": [],
                            "typeProperties": {
                                "expression": {
                                    "value": "@greaterOrEquals(activity('GetFileSize').output.size,1024)",
                                    "type": "Expression"
                                },
                                "ifFalseActivities": [
                                    {
                                        "name": "DeleteSmallFiles",
                                        "type": "Delete",
                                        "dependsOn": [],
                                        "policy": {
                                            "timeout": "7.00:00:00",
                                            "retry": 0,
                                            "retryIntervalInSeconds": 30,
                                            "secureOutput": false,
                                            "secureInput": false
                                        },
                                        "userProperties": [],
                                        "typeProperties": {
                                            "dataset": {
                                                "referenceName": "DelimitedText1",
                                                "type": "DatasetReference",
                                                "parameters": {
                                                    "filename": "@item().name"
                                                }
                                            },
                                            "enableLogging": false,
                                            "storeSettings": {
                                                "type": "AzureBlobStorageReadSettings",
                                                "recursive": true,
                                                "enablePartitionDiscovery": false
                                            }
                                        }
                                    }
                                ],
                                "ifTrueActivities": [
                                    {
                                        "name": "CopyFromBlobToComosDb_copy1",
                                        "type": "Copy",
                                        "dependsOn": [],
                                        "policy": {
                                            "timeout": "7.00:00:00",
                                            "retry": 0,
                                            "retryIntervalInSeconds": 30,
                                            "secureOutput": false,
                                            "secureInput": false
                                        },
                                        "userProperties": [],
                                        "typeProperties": {
                                            "source": {
                                                "type": "DelimitedTextSource",
                                                "storeSettings": {
                                                    "type": "AzureBlobStorageReadSettings",
                                                    "recursive": true,
                                                    "enablePartitionDiscovery": false
                                                },
                                                "formatSettings": {
                                                    "type": "DelimitedTextReadSettings"
                                                }
                                            },
                                            "sink": {
                                                "type": "CosmosDbSqlApiSink",
                                                "writeBehavior": "upsert",
                                                "disableMetricsCollection": false
                                            },
                                            "enableStaging": false
                                        },
                                        "inputs": [
                                            {
                                                "referenceName": "DelimitedText1",
                                                "type": "DatasetReference",
                                                "parameters": {
                                                    "filename": "@item().name"
                                                }
                                            }
                                        ],
                                        "outputs": [
                                            {
                                                "referenceName": "CosmosDbTarget",
                                                "type": "DatasetReference"
                                            }
                                        ]
                                    }
                                ]
                            }
                        }
                    ]
                }
            }
        ],
        "annotations": [],
        "lastPublishTime": "2021-07-16T22:26:25Z"
    },
    "type": "Microsoft.DataFactory/factories/pipelines"
}