{
    "name": "AzureBlobStorageSource",
    "properties": {
        "linkedServiceName": {
            "referenceName": "AzureBlobStorageSource",
            "type": "LinkedServiceReference"
        },
        "annotations": [],
        "type": "DelimitedText",
        "typeProperties": {
            "location": {
                "type": "AzureBlobStorageLocation",
                "container": "annotatedfiles"
            },
            "columnDelimiter": ",",
            "escapeChar": "\\",
            "firstRowAsHeader": true,
            "quoteChar": "\""
        },
        "schema": [
            {
                "name": "center_x",
                "type": "String"
            },
            {
                "name": "center_y",
                "type": "String"
            },
            {
                "name": "width",
                "type": "String"
            },
            {
                "name": "height",
                "type": "String"
            },
            {
                "name": "label",
                "type": "String"
            },
            {
                "name": "filename",
                "type": "String"
            },
            {
                "name": "current_time",
                "type": "String"
            },
            {
                "name": "videodate",
                "type": "String"
            }
        ]
    },
    "type": "Microsoft.DataFactory/factories/datasets"
}