{
    "name": "DelimitedText1",
    "properties": {
        "linkedServiceName": {
            "referenceName": "AzureBlobStorageSource",
            "type": "LinkedServiceReference"
        },
        "parameters": {
            "filename": {
                "type": "string",
                "defaultValue": "csv"
            }
        },
        "annotations": [],
        "type": "DelimitedText",
        "typeProperties": {
            "location": {
                "type": "AzureBlobStorageLocation",
                "fileName": {
                    "value": "@dataset().filename",
                    "type": "Expression"
                },
                "container": "annotatedfiles"
            },
            "columnDelimiter": ",",
            "escapeChar": "\\",
            "firstRowAsHeader": true,
            "quoteChar": "\""
        },
        "schema": []
    },
    "type": "Microsoft.DataFactory/factories/datasets"
}