{
    "name": "BlobToCosmos",
    "properties": {
        "description": "Data Pipeline will be triggered when a file lands at blob storage",
        "annotations": [],
        "runtimeState": "Started",
        "pipelines": [
            {
                "pipelineReference": {
                    "referenceName": "BlobToComosDbLoadPipeline",
                    "type": "PipelineReference"
                }
            }
        ],
        "type": "BlobEventsTrigger",
        "typeProperties": {
            "blobPathBeginsWith": "/annotatedfiles/blobs/",
            "blobPathEndsWith": ".csv",
            "ignoreEmptyBlobs": true,
            "scope": "/subscriptions/ed9adafd-e391-44da-9704-c3170c3decd7/resourceGroups/retail_analytics/providers/Microsoft.Storage/storageAccounts/retailanalytics08",
            "events": [
                "Microsoft.Storage.BlobCreated"
            ]
        }
    }
}